method,wt_mean,err_wt_mean,wt_median,denied_per_mil,wt_0_2,wt_2_4,wt_4_inf,db_wt_mean,rbt_mean,rbt_median,cv_h_tp,err_cv_h_tp,h_pk,std_h_pk,95_h_pk,load_mean,std_load,95_load,tt_mean,tt_sd,tt_95,tt_85,skip_freq,ht_mean
NC,3.18,0.125,3.12,9.89,48.37,31.83,19.8,5.98,2.2,2.15,0.68,0.008,4.52,3.83,11.91,20.36,14.72,50.0,69.82,4.34,77.34,75.35,0.0,
EH,2.81,0.064,2.7,3.11,52.33,32.6,15.07,6.19,1.99,1.99,0.56,0.004,4.5,2.74,9.58,19.56,11.58,42.05,69.62,4.02,76.8,74.73,0.0,85.68027210884354
RL-LA,2.85,0.05,2.86,3.04,51.72,33.25,15.03,5.8,1.99,2.07,0.6,0.006,4.63,3.17,10.64,20.09,12.05,44.0,69.2,4.21,76.54,74.55,0.0,61.15107913669065
RL-HA,2.73,0.028,2.7,9.25,52.45,33.63,13.92,5.68,1.86,1.82,0.55,0.003,4.66,2.6,9.04,20.39,10.87,40.05,69.6,3.68,76.1,74.53,11.0,79.74860335195531
